[
  {
    "inputs": [
      {
        "internalType": "string",
        "name": "ipfsHash",
        "type": "string"
      }
    ],
    "name": "createPost",
    "outputs": [],
    "stateMutability": "nonpayable",
    "type": "function"
  },
  {
    "inputs": [
      {
        "internalType": "uint256",
        "name": "postId",
        "type": "uint256"
      }
    ],
    "name": "likePost",
    "outputs": [],
    "stateMutability": "nonpayable",
    "type": "function"
  },
  {
    "inputs": [
      {
        "internalType": "uint256",
        "name": "postId",
        "type": "uint256"
      },
      {
        "internalType": "string",
        "name": "commentHash",
        "type": "string"
      }
    ],
    "name": "commentPost",
    "outputs": [],
    "stateMutability": "nonpayable",
    "type": "function"
  },
  {
    "inputs": [
      {
        "internalType": "uint256",
        "name": "postId",
        "type": "uint256"
      }
    ],
    "name": "tipAuthor",
    "outputs": [],
    "stateMutability": "payable",
    "type": "function"
  },
  {
    "inputs": [],
    "name": "getPosts",
    "outputs": [
      {
        "components": [
          {
            "internalType": "uint256",
            "name": "id",
            "type": "uint256"
          },
          {
            "internalType": "address",
            "name": "author",
            "type": "address"
          },
          {
            "internalType": "string",
            "name": "contentHash",
            "type": "string"
          },
          {
            "internalType": "uint256",
            "name": "likes",
            "type": "uint256"
          },
          {
            "internalType": "uint256",
            "name": "tips",
            "type": "uint256"
          },
          {
            "internalType": "uint256",
            "name": "commentCount",
            "type": "uint256"
          },
          {
            "internalType": "uint256",
            "name": "timestamp",
            "type": "uint256"
          },
          {
            "internalType": "bool",
            "name": "exists",
            "type": "bool"
          }
        ],
        "internalType": "struct SocialFeed.Post[]",
        "name": "",
        "type": "tuple[]"
      }
    ],
    "stateMutability": "view",
    "type": "function"
  },
  {
    "inputs": [
      {
        "internalType": "uint256",
        "name": "postId",
        "type": "uint256"
      }
    ],
    "name": "getPost",
    "outputs": [
      {
        "components": [
          {
            "internalType": "uint256",
            "name": "id",
            "type": "uint256"
          },
          {
            "internalType": "address",
            "name": "author",
            "type": "address"
          },
          {
            "internalType": "string",
            "name": "contentHash",
            "type": "string"
          },
          {
            "internalType": "uint256",
            "name": "likes",
            "type": "uint256"
          },
          {
            "internalType": "uint256",
            "name": "tips",
            "type": "uint256"
          },
          {
            "internalType": "uint256",
            "name": "commentCount",
            "type": "uint256"
          },
          {
            "internalType": "uint256",
            "name": "timestamp",
            "type": "uint256"
          },
          {
            "internalType": "bool",
            "name": "exists",
            "type": "bool"
          }
        ],
        "internalType": "struct SocialFeed.Post",
        "name": "",
        "type": "tuple"
      }
    ],
    "stateMutability": "view",
    "type": "function"
  },
  {
    "inputs": [
      {
        "internalType": "uint256",
        "name": "postId",
        "type": "uint256"
      }
    ],
    "name": "getPostComments",
    "outputs": [
      {
        "components": [
          {
            "internalType": "uint256",
            "name": "id",
            "type": "uint256"
          },
          {
            "internalType": "uint256",
            "name": "postId",
            "type": "uint256"
          },
          {
            "internalType": "address",
            "name": "author",
            "type": "address"
          },
          {
            "internalType": "string",
            "name": "commentHash",
            "type": "string"
          },
          {
            "internalType": "uint256",
            "name": "timestamp",
            "type": "uint256"
          }
        ],
        "internalType": "struct SocialFeed.Comment[]",
        "name": "",
        "type": "tuple[]"
      }
    ],
    "stateMutability": "view",
    "type": "function"
  },
  {
    "inputs": [
      {
        "internalType": "address",
        "name": "userAddress",
        "type": "address"
      }
    ],
    "name": "getUserReputation",
    "outputs": [
      {
        "internalType": "uint256",
        "name": "",
        "type": "uint256"
      }
    ],
    "stateMutability": "view",
    "type": "function"
  },
  {
    "inputs": [
      {
        "internalType": "address",
        "name": "userAddress",
        "type": "address"
      }
    ],
    "name": "getUserStats",
    "outputs": [
      {
        "components": [
          {
            "internalType": "uint256",
            "name": "reputation",
            "type": "uint256"
          },
          {
            "internalType": "uint256",
            "name": "totalLikes",
            "type": "uint256"
          },
          {
            "internalType": "uint256",
            "name": "totalTips",
            "type": "uint256"
          },
          {
            "internalType": "bool",
            "name": "exists",
            "type": "bool"
          }
        ],
        "internalType": "struct SocialFeed.User",
        "name": "",
        "type": "tuple"
      }
    ],
    "stateMutability": "view",
    "type": "function"
  },
  {
    "inputs": [
      {
        "internalType": "uint256",
        "name": "postId",
        "type": "uint256"
      },
      {
        "internalType": "address",
        "name": "user",
        "type": "address"
      }
    ],
    "name": "hasUserLikedPost",
    "outputs": [
      {
        "internalType": "bool",
        "name": "",
        "type": "bool"
      }
    ],
    "stateMutability": "view",
    "type": "function"
  },
  {
    "inputs": [],
    "name": "getTotalPosts",
    "outputs": [
      {
        "internalType": "uint256",
        "name": "",
        "type": "uint256"
      }
    ],
    "stateMutability": "view",
    "type": "function"
  },
  {
    "inputs": [],
    "name": "getTotalComments",
    "outputs": [
      {
        "internalType": "uint256",
        "name": "",
        "type": "uint256"
      }
    ],
    "stateMutability": "view",
    "type": "function"
  },
  {
    "anonymous": false,
    "inputs": [
      {
        "indexed": true,
        "internalType": "uint256",
        "name": "postId",
        "type": "uint256"
      },
      {
        "indexed": true,
        "internalType": "address",
        "name": "author",
        "type": "address"
      },
      {
        "indexed": false,
        "internalType": "string",
        "name": "contentHash",
        "type": "string"
      }
    ],
    "name": "PostCreated",
    "type": "event"
  },
  {
    "anonymous": false,
    "inputs": [
      {
        "indexed": true,
        "internalType": "uint256",
        "name": "postId",
        "type": "uint256"
      },
      {
        "indexed": true,
        "internalType": "address",
        "name": "liker",
        "type": "address"
      }
    ],
    "name": "PostLiked",
    "type": "event"
  },
  {
    "anonymous": false,
    "inputs": [
      {
        "indexed": true,
        "internalType": "uint256",
        "name": "postId",
        "type": "uint256"
      },
      {
        "indexed": true,
        "internalType": "address",
        "name": "commenter",
        "type": "address"
      },
      {
        "indexed": false,
        "internalType": "string",
        "name": "commentHash",
        "type": "string"
      }
    ],
    "name": "CommentAdded",
    "type": "event"
  },
  {
    "anonymous": false,
    "inputs": [
      {
        "indexed": true,
        "internalType": "uint256",
        "name": "postId",
        "type": "uint256"
      },
      {
        "indexed": true,
        "internalType": "address",
        "name": "from",
        "type": "address"
      },
      {
        "indexed": true,
        "internalType": "address",
        "name": "to",
        "type": "address"
      },
      {
        "indexed": false,
        "internalType": "uint256",
        "name": "amount",
        "type": "uint256"
      }
    ],
    "name": "TipSent",
    "type": "event"
  }
]
